{
    "Х": 12.771739130434783,
    "Ь": 9.782608695652174,
    "Б": 9.239130434782608,
    "Ч": 6.521739130434782,
    "t": 6.385869565217392,
    "1": 6.25,
    "А": 5.298913043478261,
    "Ы": 5.0271739130434785,
    " ": 4.076086956521739,
    "<": 2.8532608695652173,
    "Д": 2.717391304347826,
    "Щ": 2.1739130434782608,
    "\n": 2.1739130434782608,
    "Ъ": 2.0380434782608696,
    "Я": 1.9021739130434785,
    "Ф": 1.9021739130434785,
    "И": 1.9021739130434785,
    ">": 1.766304347826087,
    "5": 1.6304347826086956,
    "7": 1.6304347826086956,
    "К": 1.6304347826086956,
    "2": 1.4945652173913044,
    "Е": 1.358695652173913,
    "r": 1.358695652173913,
    "Л": 1.2228260869565217,
    "Й": 1.0869565217391304,
    "О": 1.0869565217391304,
    "М": 0.9510869565217392,
    "Ш": 0.8152173913043478,
    "8": 0.4076086956521739,
    "4": 0.2717391304347826,
    "У": 0.1358695652173913,
    "9": 0.1358695652173913
}